"name","value"
"Beta",5.76
"lambdaM",1000
"lambdaE",1000
"sigmaR",0.75
"sigmaW",0.75
"sigmaN",0.75
"alphan",0.999996030496489
"sigman",3.83234408079748e-14
"alphar",0.999999999991263
"sigmar",0.24476863558675
"alphaw",0.994120865431719
"sigmaw",0.0877390935817619
"sigmaRBC",0.0273476163522435
"sigmaRetic",0.0621537349457775
"sigmaPd",2.06917760808779
