"name","value"
"Beta",4.08
"lambdaM",1000
"lambdaE",1000
"sigmaR",0.75
"sigmaW",0.75
"sigmaN",0.75
"alphan",0.99992249680769
"sigman",6.04554685594667e-14
"alphar",0.999998439977415
"sigmar",0.217292837982417
"alphaw",0.999996484199691
"sigmaw",0.00800052415786649
"sigmaRBC",0.135767258373778
"sigmaRetic",0.00828191694389408
"sigmaPd",0.706126107440285
