"name","value"
"Beta",6.09
"lambdaM",1000
"lambdaE",1000
"sigmaR",0.75
"sigmaW",0.75
"sigmaN",0.75
"alphan",0.99999861709513
"sigman",1.33902173215929e-14
"alphar",0.999914770057559
"sigmar",0.448886864405925
"alphaw",0.990188614990886
"sigmaw",0.0567763449279962
"sigmaRBC",0.378960026339285
"sigmaRetic",0.0578478606803494
"sigmaPd",0.233841321432812
